B,n,lock,Serial Throughput,Speedup
10000,1,s,333333.3,1.0
10000,1,t,333333.3,12.83333 
10000,1,p,333333.3,11.36667 
10000,1,a,333333.3,9.70000 
