B,t,n,lock,Speedup
3136,1,4,a,3.41451 
3136,2,4,a,1.83614 
3136,4,4,a,0.98233 
3136,8,4,a,0.98275 
3136,14,4,a,0.98579 
