B,t,n,lock,Speedup
3136,1,1,p,0.99262 
3136,2,1,p,0.97786 
3136,4,1,p,0.98011 
3136,8,1,p,0.98167 
3136,14,1,p,0.98533 
