B,t,n,lock,Speedup
3136,1,2,p,0.99537 
3136,2,2,p,0.97960 
3136,4,2,p,0.98113 
3136,8,2,p,0.98204 
3136,14,2,p,0.98567 
