B,t,n,lock,Speedup
3136,1,8,t,0.99417 
3136,2,8,t,0.97905 
3136,4,8,t,0.98098 
3136,8,8,t,0.98211 
3136,14,8,t,0.98569 
