B,t,n,lock,Speedup
3136,1,4,t,2.30823 
3136,2,4,t,1.53063 
3136,4,4,t,0.98250 
3136,8,4,t,0.98287 
3136,14,4,t,0.98613 
