B,t,n,lock,Speedup
3136,1,14,a,1.00143 
3136,2,14,a,0.99755 
3136,4,14,a,2.10827 
3136,8,14,a,1.18427 
3136,14,14,a,1.05623 
