B,t,n,lock,Speedup
3136,1,8,a,1.00251 
3136,2,8,a,2.59363 
3136,4,8,a,0.98040 
3136,8,8,a,0.98175 
3136,14,8,a,0.98548 
