B,t,n,lock,Speedup
3136,1,2,t,0.99598 
3136,2,2,t,0.98212 
3136,4,2,t,0.98240 
3136,8,2,t,0.98284 
3136,14,2,t,0.98612 
