B,t,n,lock,Speedup
3136,1,14,p,1.02916 
3136,2,14,p,0.99928 
3136,4,14,p,0.98841 
3136,8,14,p,0.98613 
3136,14,14,p,0.98877 
