B,t,n,lock,Speedup
3136,1,14,t,3.68536 
3136,2,14,t,3.11329 
3136,4,14,t,1.81514 
3136,8,14,t,1.04627 
3136,14,14,t,1.01734 
