B,t,n,lock,Speedup
3136,1,8,p,1.00280 
3136,2,8,p,0.99710 
3136,4,8,p,0.98925 
3136,8,8,p,0.98680 
3136,14,8,p,0.98844 
