B,t,n,lock,Speedup
3136,1,1,t,0.99581 
3136,2,1,t,0.97944 
3136,4,1,t,0.98107 
3136,8,1,t,0.98228 
3136,14,1,t,0.98566 
