B,t,n,lock,Speedup
3136,1,1,a,1.01939 
3136,2,1,a,0.98165 
3136,4,1,a,0.98193 
3136,8,1,a,0.98255 
3136,14,1,a,0.98597 
