B,t,n,lock,Speedup
3136,1,2,a,1.00030 
3136,2,2,a,0.98228 
3136,4,2,a,1.00701 
3136,8,2,a,0.98291 
3136,14,2,a,0.98591 
